,mae_test,mae_train,per,r2_test,r2_train
0,75.92423230429331,53.31384884197273,22,0.6368748944701974,0.9178862163721889
