,mae_test,mae_train,per,r2_test,r2_train
0,117.30399722731026,116.45385771764388,22,0.488530470480919,0.6111218451171012
