,est,lr,mae_test,mae_train,r2_test,r2_train
0,110,0.01,116.79136310487478,115.90818631881976,0.48345983561687156,0.6073034389367948
